﻿<scheme const="B">
    <theme name="Default">
        <style name="Default" v="0" fc="0x000000" bc="" b="0" i="0" />
        <style name="Comment" v="1" fc="0x767676" bc="" b="0" i="0" />
        <style name="Number" v="2" fc="0x880088" bc="" b="0" i="0" />
        <style name="Keyword" v="3" fc="0x000000" bc="" b="0" i="0" />
        <style name="String" v="4" fc="0x183691" bc="" b="0" i="0" />
        <style name="Preprocessor" v="5" fc="0x0000CF" bc="" b="0" i="0" />
        <style name="Operator" v="6" fc="0x000000" bc="" b="0" i="0" />
        <style name="Identifier" v="7" fc="0x000000" bc="" b="0" i="0" />
        <style name="Date" v="8" fc="0x000000" bc="" b="0" i="0" />
        <style name="StringEOL" v="9" fc="0x000000" bc="" b="0" i="0" />
        <style name="Keyword2" v="10" fc="0x000000" bc="" b="0" i="0" />
        <style name="Keyword3" v="11" fc="0x000000" bc="" b="0" i="0" />
        <style name="Keyword4" v="12" fc="0x000000" bc="" b="0" i="0" />
        <style name="Constant" v="13" fc="0x000000" bc="" b="0" i="0" />
        <style name="ASM" v="14" fc="0x000000" bc="" b="0" i="0" />
        <style name="Label" v="15" fc="0x0000DD" bc="" b="0" i="0" />
        <style name="Error" v="16" fc="0x000000" bc="" b="0" i="0" />
        <style name="HexNumber" v="17" fc="0x880088" bc="" b="0" i="0" />
        <style name="BinNumber" v="18" fc="0x000000" bc="" b="0" i="0" />
        <style name="CommentBlock" v="19" fc="0x767676" bc="" b="0" i="0" />
        <style name="DocLine" v="20" fc="0x000000" bc="" b="0" i="0" />
        <style name="DocBlock" v="21" fc="0x000000" bc="" b="0" i="0" />
        <style name="DocKeyword" v="22" fc="0x000000" bc="" b="0" i="0" />
    </theme>

    <keywords>
        <language id="FB">
            <group id="0" name="" keywords="" />
        </language>
    </keywords>
</scheme>

<!--
static const char * const freebasicWordListDesc[] = {
	"FreeBasic Keywords",
	"FreeBasic PreProcessor Keywords",
	"user defined 1",
	"user defined 2",
	0
};
-->
