﻿<scheme const="PROPS">
    <theme name="Default">
        <style name="Default" v="0" fc="0x000000" bc="" b="0" i="0" />
        <style name="Comment" v="1" fc="0x767676" bc="" b="0" i="0" />
        <style name="Section" v="2" fc="0x880088" bc="" b="1" i="0" />
        <style name="Assignment" v="3" fc="0x0F707F" bc="" b="0" i="0" />
        <style name="DefVal" v="4" fc="0x000000" bc="" b="0" i="0" />
        <style name="Key" v="5" fc="0x0000DD" bc="" b="0" i="0" />
    </theme>
</scheme>
