﻿<scheme const="C">
    <theme name="Default">
        <style name="Default" v="0" fc="0x000000" bc="" b="0" i="0" />
        <style name="Comment" v="1" fc="0x767676" bc="" b="0" i="1" />
        <style name="CommentLine" v="2" fc="0x767676" bc="" b="0" i="1" />
        <style name="CommentDoc" v="3" fc="0x767676" bc="" b="0" i="1" />
        <style name="Number" v="4" fc="0x880088" bc="" b="0" i="0" />
        <style name="Word" v="5" fc="0x000000" bc="" b="1" i="0" />
        <style name="String" v="6" fc="0x183691" bc="" b="0" i="0" />
        <style name="Character" v="7" fc="0x183691" bc="" b="0" i="0" />
        <style name="UUID" v="8" fc="" bc="" b="0" i="0" />
        <style name="Preprocessor" v="9" fc="0x183691" bc="" b="0" i="0" u="0" />
        <style name="Operator" v="10" fc="" bc="" b="0" i="0" />
        <style name="Identifier" v="11" fc="0x000000" bc="" b="0" i="0" />
        <style name="StringEOL" v="12" fc="0x183691" bc="" b="0" i="0" />
        <style name="Verbatim" v="13" fc="0x000000" bc="" b="0" i="0" />
        <style name="RegEx" v="14" fc="0x183691" bc="" b="0" i="0" />
        <style name="CommentLineDoc" v="15" fc="" bc="" b="0" i="0" />
        <style name="Word2" v="16" fc="0x0000DD" bc="" b="0" i="0" />
        <style name="CommentDocKeyword" v="17" fc="0x000000" bc="" b="0" i="0" />
        <style name="CommentDocKeywordError" v="18" fc="0x000000" bc="" b="0" i="0" />
        <style name="GlobalClass" v="19" fc="0x0070A0" bc="" b="0" i="0" />
        <style name="StringRaw" v="20" fc="0x183691" bc="" b="0" i="0" />
        <style name="TripleVerbatim" v="21" fc="0x183691" bc="" b="0" i="0" />
        <style name="HashQuotedString" v="22" fc="0x183691" bc="" b="0" i="0" />
        <style name="PreprocessorComment" v="23" fc="0x767676" bc="" b="0" i="0" />
        <style name="PreprocessorCommentDoc" v="24" fc="0x767676" bc="" b="0" i="0" />
        <style name="UserLiteral" v="25" fc="0x000000" bc="" b="0" i="0" />
        <style name="TaskMarker" v="26" fc="0x183691" bc="" b="0" i="0" />
        <style name="EscapeSequence" v="27" fc="0x0090B3" bc="" b="0" i="0" />
    </theme>

    <keywords>
        <language id="JS">
            <group id="0" name="Primary Keywords and Identifiers" keywords="abstract async await boolean break byte case catch char class const continue debugger default delete do double else enum export extends false final finally float for function goto if implements import in instanceof int interface let long native new null of package private protected public return short static super switch synchronized this throw throws transient true try typeof var void volatile while with yield" />
            <group id="1" name="Secondary Keywords and Identifiers" keywords="alert all anchor anchors area assign blur button checkbox clearinterval cleartimeout clientinformation close closed confirm constructor crypto decodeuri decodeuricomponent defaultstatus document element elements embed embeds encodeuri encodeuricomponent escape event fileupload focus form forms frame framerate frames hidden history image images innerheight innerwidth layer layers link location mimetypes navigate navigator offscreenbuffering onblur onclick onerror onfocus onkeydown onkeypress onkeyup onload onmousedown onmouseover onmouseup onsubmit open opener option outerheight outerwidth packages pagexoffset pageyoffset parent parsefloat parseint password pkcs11 plugin prompt propertyisenum radio reset screenx screeny scroll secure select self setinterval settimeout status submit taint text textarea top unescape untaint window" />
            <group id="2" name="Documentation Comment Keywords" keywords="" />
            <group id="3" name="Global Classes and Typedefs" keywords="array date eval hasownproperty infinity isfinite isnan isprototypeof math nan number object prototype string tostring undefined valueof" />
            <group id="4" name="Preprocessor Definitions" keywords="" />
            <group id="5" name="Task Marker and Error Marker Keywords" keywords="" />
        </language>
    </keywords>

    <properties>
        <property name="lexer.cpp.escape.sequence" value="1" />
        <property name="fold.at.else" value="1" />
    </properties>
</scheme>
