﻿<scheme const="VHDL">
    <theme name="Default">
        <style name="Default" v="0" fc="0x000000" bc="" b="0" i="0" />
        <style name="Comment" v="1" fc="0x767676" bc="" b="0" i="1" />
        <style name="CommentLineBang" v="2" fc="0x767676" bc="" b="0" i="1" />
        <style name="Number" v="3" fc="0x880088" bc="" b="0" i="0" />
        <style name="String" v="4" fc="0x183691" bc="" b="0" i="0" />
        <style name="Operator" v="5" fc="0x000000" bc="" b="0" i="0" />
        <style name="Identifier" v="6" fc="0x000008" bc="" b="0" i="0" />
        <style name="StringEOL" v="7" fc="0x9F1F6F" bc="" b="0" i="0" />
        <style name="Keyword" v="8" fc="0x0000DD" bc="" b="0" i="0" />
        <style name="StdOperator" v="9" fc="0x0078A0" bc="" b="0" i="0" />
        <style name="Attribute" v="10" fc="0x0070A0" bc="" b="0" i="0" />
        <style name="StdFunction" v="11" fc="0x0F707F" bc="" b="0" i="0" />
        <style name="StdPackage" v="12" fc="0x0000DD" bc="0xE8FBFF" b="1" i="0" />
        <style name="StdType" v="13" fc="0x0070A0" bc="" b="0" i="0" />
        <style name="UserWord" v="14" fc="0x0000CF" bc="" b="1" i="0" />
        <style name="Block_Comment" v="15" fc="0x767676" bc="" b="0" i="1" />
    </theme>

    <keywords>
        <language id="VHDL">
            <group id="0" name="Keywords" keywords="access after alias all architecture array assert attribute begin block body buffer bus case component configuration constant disconnect downto else elsif end entity exit file for function generate generic group guarded if impure in inertial inout is label library linkage literal loop map new next null of on open others out package port postponed procedure process pure range record register reject report return select severity shared signal subtype then to transport type unaffected units until use variable wait when while with
" />
            <group id="1" name="Operators" keywords="abs and mod nand nor not or rem rol ror sla sll sra srl xnor xor" />
            <group id="2" name="Attributes" keywords="left right low high ascending image value pos val succ pred leftof rightof base range reverse_range length delayed stable quiet transaction event active last_event last_active last_value driving driving_value simple_name path_name instance_name" />
            <group id="3" name="Standard Functions" keywords="now readline read writeline write endfile resolved to_bit to_bitvector to_stdulogic to_stdlogicvector to_stdulogicvector to_x01 to_x01z to_UX01 rising_edge falling_edge is_x shift_left shift_right rotate_left rotate_right resize to_integer to_unsigned to_signed std_match to_01" />
            <group id="4" name="Standard Packages" keywords="std ieee work standard textio std_logic_1164 std_logic_arith std_logic_misc std_logic_signed std_logic_textio std_logic_unsigned numeric_bit numeric_std math_complex math_real vital_primitives vital_timing" />
            <group id="5" name="Standard Types" keywords="boolean bit character severity_level integer real time delay_length natural positive string bit_vector file_open_kind file_open_status line text side width std_ulogic std_ulogic_vector std_logic std_logic_vector X01 X01Z UX01 UX01Z unsigned signed" />
            <group id="6" name="User Words" keywords="" />
        </language>
    </keywords>
</scheme>
