﻿<?xml version="1.0"?>
<tools>
	<tool title="GUI Designer" file="{:PROGDIR:}\Tools\GUI Designer\Auto-GUI.ahk" params="" workingdir="" icon="{:ICONSDIR:}\Auto-GUI.icl" iconindex="1" desc="Windows Form Designer for AHK"/>
	<tool title="MagicBox" file="{:PROGDIR:}\Tools\MagicBox\MagicBox.ahk" params="" workingdir="" icon="{:ICONSDIR:}\MagicBox.ico" iconindex="1" desc="Message box generator"/>
	<tool title="Expressive" file="{:PROGDIR:}\Tools\Expressive\Expressive.ahk" params="" workingdir="" icon="{:ICONSDIR:}\Expressive.icl" iconindex="1" desc="Regular expression tool"/>
	<tool title="Scripts Manager" file="{:PROGDIR:}\Tools\Scripts Manager\Scripts Manager.ahk" params="" workingdir="" icon="{:ICONSDIR:}\Scripts Manager.icl" iconindex="1" desc="AutoHotkey scripts manager"/>
	<tool title="Constantine" file="{:PROGDIR:}\Tools\Constantine\Constantine.ahk" params="/find {:SELTEXT:}" workingdir="" icon="{:ICONSDIR:}\Constantine.icl" iconindex="1" desc="Windows API constants reference"/>
	<tool title="A_Variables" file="{:PROGDIR:}\Tools\A_Variables\A_Variables.ahk" params="" workingdir="" icon="{:ICONSDIR:}\A_Variables.ico" iconindex="1" desc="AutoHotkey built-in variables"/>
	<tool title="Script Directives" file="{:PROGDIR:}\Tools\AhkDirectives\AhkDirectives.ahk" params="/A" workingdir="" icon="{:ICONSDIR:}\AhkDirectives.ico" iconindex="1" desc="AutoHotkey directives generator"/>
	<tool title="ErrorView" file="{:PROGDIR:}\Tools\ErrorView\ErrorView.ahk" params="" workingdir="" icon="{:ICONSDIR:}\ErrorView.ico" iconindex="1" desc="Win32 error messages reference"/>
	<tool title="XML Syntax Checker" file="{:PROGDIR:}\Tools\XML Syntax Checker\XML Syntax Checker.ahk" params="&quot;{:FULLPATH:}&quot;" workingdir="" icon="msxml3.dll" iconindex="2" desc=""/>
	<tool title="COM Inspector" file="{:PROGDIR:}\Tools\COM Inspector\COM Inspector.ahk" params="" workingdir="" icon="{:ICONSDIR:}\COM Inspector.ico" iconindex="1" desc="ActiveX/COM objects reference"/>
</tools>
