﻿<?xml version="1.0" encoding="UTF-8"?>
<AutoComplete>
    <language id="PAS">
        <key name="absolute" type="" />
        <key name="abstract" type="" />
        <key name="alias" type="" />
        <key name="and" type="" />
        <key name="array" type="" />
        <key name="as" type="" />
        <key name="asm" type="" />
        <key name="assembler" type="" />
        <key name="automated" type="" />
        <key name="begin" type="" />
        <key name="bitpacked" type="" />
        <key name="break" type="" />
        <key name="case" type="" />
        <key name="cdecl" type="" />
        <key name="class" type="" />
        <key name="const" type="" />
        <key name="constref" type="" />
        <key name="constructor" type="" />
        <key name="contains" type="" />
        <key name="continue" type="" />
        <key name="cppdecl" type="" />
        <key name="cvar" type="" />
        <key name="default" type="" />
        <key name="delayed" type="" />
        <key name="deprecated" type="" />
        <key name="destructor" type="" />
        <key name="dispid" type="" />
        <key name="dispinterface" type="" />
        <key name="dispose" type="" />
        <key name="div" type="" />
        <key name="do" type="" />
        <key name="downto" type="" />
        <key name="dynamic" type="" />
        <key name="else" type="" />
        <key name="end" type="" />
        <key name="enumerator" type="" />
        <key name="except" type="" />
        <key name="exit" type="" />
        <key name="experimental" type="" />
        <key name="exports" type="" />
        <key name="external" type="" />
        <key name="false" type="" />
        <key name="far" type="" />
        <key name="far16" type="" />
        <key name="file" type="" />
        <key name="final" type="" />
        <key name="finalization" type="" />
        <key name="finally" type="" />
        <key name="for" type="" />
        <key name="forward" type="" />
        <key name="function" type="" />
        <key name="generic" type="" />
        <key name="goto" type="" />
        <key name="helper" type="" />
        <key name="if" type="" />
        <key name="implementation" type="" />
        <key name="implements" type="" />
        <key name="in" type="" />
        <key name="index" type="" />
        <key name="inherited" type="" />
        <key name="initialization" type="" />
        <key name="inline" type="" />
        <key name="interface" type="" />
        <key name="interrupt" type="" />
        <key name="iocheck" type="" />
        <key name="is" type="" />
        <key name="label" type="" />
        <key name="library" type="" />
        <key name="local" type="" />
        <key name="message" type="" />
        <key name="mod" type="" />
        <key name="name" type="" />
        <key name="near" type="" />
        <key name="new" type="" />
        <key name="nil" type="" />
        <key name="nodefault" type="" />
        <key name="noreturn" type="" />
        <key name="nostackframe" type="" />
        <key name="not" type="" />
        <key name="object" type="" />
        <key name="of" type="" />
        <key name="oldfpccall" type="" />
        <key name="on" type="" />
        <key name="operator" type="" />
        <key name="or" type="" />
        <key name="otherwise" type="" />
        <key name="out" type="" />
        <key name="overload" type="" />
        <key name="override" type="" />
        <key name="package" type="" />
        <key name="packed" type="" />
        <key name="pascal" type="" />
        <key name="platform" type="" />
        <key name="private" type="" />
        <key name="procedure" type="" />
        <key name="program" type="" />
        <key name="property" type="" />
        <key name="protected" type="" />
        <key name="public" type="" />
        <key name="published" type="" />
        <key name="raise" type="" />
        <key name="read" type="" />
        <key name="readonly" type="" />
        <key name="record" type="" />
        <key name="reference" type="" />
        <key name="register" type="" />
        <key name="reintroduce" type="" />
        <key name="repeat" type="" />
        <key name="requires" type="" />
        <key name="resident" type="" />
        <key name="resourcestring" type="" />
        <key name="result" type="" />
        <key name="safecall" type="" />
        <key name="saveregisters" type="" />
        <key name="sealed" type="" />
        <key name="self" type="" />
        <key name="set" type="" />
        <key name="shl" type="" />
        <key name="shr" type="" />
        <key name="softfloat" type="" />
        <key name="specialize" type="" />
        <key name="static" type="" />
        <key name="stdcall" type="" />
        <key name="stored" type="" />
        <key name="strict" type="" />
        <key name="string" type="" />
        <key name="then" type="" />
        <key name="threadvar" type="" />
        <key name="to" type="" />
        <key name="true" type="" />
        <key name="try" type="" />
        <key name="type" type="" />
        <key name="unaligned" type="" />
        <key name="unimplemented" type="" />
        <key name="unit" type="" />
        <key name="unsafe" type="" />
        <key name="until" type="" />
        <key name="uses" type="" />
        <key name="var" type="" />
        <key name="varargs" type="" />
        <key name="virtual" type="" />
        <key name="while" type="" />
        <key name="winapi" type="" />
        <key name="with" type="" />
        <key name="write" type="" />
        <key name="writeonly" type="" />
        <key name="xor" type="" />
    </language>
</AutoComplete>
