﻿<?xml version="1.0" encoding="UTF-8"?>
<AutoComplete>
    <language id="VB">
    </language>

    <language id="VBS">
        <key name="And" />
        <key name="Begin" />
        <key name="Case" />
        <key name="Call" />
        <key name="Continue" />
        <key name="Do" />
        <key name="Each" />
        <key name="Else" />
        <key name="ElseIf" />
        <key name="End" />
        <key name="Erase" />
        <key name="Error" />
        <key name="Event" />
        <key name="Exit" />
        <key name="False" />
        <key name="For" />
        <key name="Function" />
        <key name="Get" />
        <key name="GoSub" />
        <key name="GoTo" />
        <key name="If" />
        <key name="Implement" />
        <key name="In" />
        <key name="Load" />
        <key name="Loop" />
        <key name="LSet" />
        <key name="Me" />
        <key name="Mid" />
        <key name="New" />
        <key name="Next" />
        <key name="Not" />
        <key name="Nothing" />
        <key name="On" />
        <key name="Or" />
        <key name="Property" />
        <key name="RaiseEvent" />
        <key name="Rem" />
        <key name="Resume" />
        <key name="Return" />
        <key name="RSet" />
        <key name="Select" />
        <key name="Set" />
        <key name="Stop" />
        <key name="Sub" />
        <key name="Then" />
        <key name="To" />
        <key name="True" />
        <key name="Unload" />
        <key name="Until" />
        <key name="WEnd" />
        <key name="While" />
        <key name="With" />
        <key name="WithEvents" />
        <key name="Attribute" />
        <key name="Alias" />
        <key name="As" />
        <key name="Boolean" />
        <key name="ByRef" />
        <key name="Byte" />
        <key name="ByVal" />
        <key name="Const" />
        <key name="Compare" />
        <key name="Currency" />
        <key name="Date" />
        <key name="Declare" />
        <key name="Dim" />
        <key name="Double" />
        <key name="Enum" />
        <key name="Explicit" />
        <key name="Friend" />
        <key name="Global" />
        <key name="Integer" />
        <key name="Let" />
        <key name="Lib" />
        <key name="Long" />
        <key name="Module" />
        <key name="Object" />
        <key name="Option" />
        <key name="Optional" />
        <key name="Preserve" />
        <key name="Private" />
        <key name="Property" />
        <key name="Public" />
        <key name="Redim" />
        <key name="Single" />
        <key name="Static" />
        <key name="String" />
        <key name="Type" />
        <key name="Variant" />
    </language>
</AutoComplete>
